{
  "generated": "2026-07-18T00:03:32.036310",
  "sources": {
    "raw": {
      "loaded": 1,
      "parsed": 8040,
      "valid": 0
    }
  },
  "raw_count": 12222,
  "after_filter": 12186,
  "after_dedup": 8820,
  "after_validation": 6760,
  "final_count": 6760,
  "duration_seconds": 190.821967
}