{
  "generated": "2026-07-19T23:08:11.122541",
  "sources": {
    "raw": {
      "loaded": 1,
      "parsed": 8040,
      "valid": 0
    }
  },
  "raw_count": 12222,
  "after_filter": 12186,
  "after_dedup": 8819,
  "after_validation": 6733,
  "final_count": 6733,
  "duration_seconds": 232.089852
}