{
  "generated": "2026-07-20T10:21:01.139833",
  "sources": {
    "raw": {
      "loaded": 1,
      "parsed": 8040,
      "valid": 0
    }
  },
  "raw_count": 12222,
  "after_filter": 12186,
  "after_dedup": 8819,
  "after_validation": 6761,
  "final_count": 6761,
  "duration_seconds": 236.540719
}