{
  "generated": "2026-07-19T19:16:50.963295",
  "sources": {
    "raw": {
      "loaded": 1,
      "parsed": 8040,
      "valid": 0
    }
  },
  "raw_count": 12222,
  "after_filter": 12186,
  "after_dedup": 8819,
  "after_validation": 6654,
  "final_count": 6654,
  "duration_seconds": 239.682045
}