{
  "generated": "2026-07-18T08:55:00.094919",
  "sources": {
    "raw": {
      "loaded": 1,
      "parsed": 8040,
      "valid": 0
    }
  },
  "raw_count": 12222,
  "after_filter": 12186,
  "after_dedup": 8820,
  "after_validation": 6745,
  "final_count": 6745,
  "duration_seconds": 200.831265
}