{
  "generated": "2026-07-22T18:16:21.099810",
  "sources": {
    "raw": {
      "loaded": 1,
      "parsed": 8040,
      "valid": 0
    }
  },
  "raw_count": 12762,
  "after_filter": 12726,
  "after_dedup": 9350,
  "after_validation": 7003,
  "final_count": 7003,
  "duration_seconds": 263.312013
}