{
  "generated": "2026-07-22T16:26:54.479433",
  "sources": {
    "raw": {
      "loaded": 1,
      "parsed": 8040,
      "valid": 0
    }
  },
  "raw_count": 12762,
  "after_filter": 12726,
  "after_dedup": 9350,
  "after_validation": 7133,
  "final_count": 7133,
  "duration_seconds": 220.145297
}