{
  "generated": "2026-07-22T11:54:08.030943",
  "sources": {
    "raw": {
      "loaded": 1,
      "parsed": 8040,
      "valid": 0
    }
  },
  "raw_count": 12762,
  "after_filter": 12726,
  "after_dedup": 9350,
  "after_validation": 7301,
  "final_count": 7301,
  "duration_seconds": 187.817367
}