{
  "generated": "2026-07-19T09:59:49.207870",
  "sources": {
    "raw": {
      "loaded": 1,
      "parsed": 8040,
      "valid": 0
    }
  },
  "raw_count": 12222,
  "after_filter": 12186,
  "after_dedup": 8820,
  "after_validation": 6651,
  "final_count": 6651,
  "duration_seconds": 230.861828
}