{
  "generated": "2026-07-24T03:19:32.996233",
  "sources": {
    "raw": {
      "loaded": 1,
      "parsed": 8040,
      "valid": 0
    }
  },
  "raw_count": 12747,
  "after_filter": 12711,
  "after_dedup": 9339,
  "after_validation": 6927,
  "final_count": 6927,
  "duration_seconds": 238.511212
}