{
  "generated": "2026-07-22T06:37:12.925650",
  "sources": {
    "raw": {
      "loaded": 1,
      "parsed": 8040,
      "valid": 0
    }
  },
  "raw_count": 12762,
  "after_filter": 12726,
  "after_dedup": 9350,
  "after_validation": 7301,
  "final_count": 7301,
  "duration_seconds": 194.831463
}