{
  "generated": "2026-07-19T22:04:58.414757",
  "sources": {
    "raw": {
      "loaded": 1,
      "parsed": 8040,
      "valid": 0
    }
  },
  "raw_count": 12222,
  "after_filter": 12186,
  "after_dedup": 8819,
  "after_validation": 6629,
  "final_count": 6629,
  "duration_seconds": 274.812223
}