{
  "generated": "2026-07-21T04:21:34.146245",
  "sources": {
    "raw": {
      "loaded": 1,
      "parsed": 8040,
      "valid": 0
    }
  },
  "raw_count": 12761,
  "after_filter": 12725,
  "after_dedup": 9352,
  "after_validation": 7261,
  "final_count": 7261,
  "duration_seconds": 212.088639
}