{
  "generated": "2026-07-21T17:29:53.848870",
  "sources": {
    "raw": {
      "loaded": 1,
      "parsed": 8040,
      "valid": 0
    }
  },
  "raw_count": 12764,
  "after_filter": 12728,
  "after_dedup": 9352,
  "after_validation": 7178,
  "final_count": 7178,
  "duration_seconds": 226.412783
}