{
  "generated": "2026-07-23T12:31:27.770330",
  "sources": {
    "raw": {
      "loaded": 1,
      "parsed": 8040,
      "valid": 0
    }
  },
  "raw_count": 12747,
  "after_filter": 12711,
  "after_dedup": 9339,
  "after_validation": 6786,
  "final_count": 6786,
  "duration_seconds": 275.499486
}