{
  "generated": "2026-07-22T20:18:53.446113",
  "sources": {
    "raw": {
      "loaded": 1,
      "parsed": 8040,
      "valid": 0
    }
  },
  "raw_count": 12747,
  "after_filter": 12711,
  "after_dedup": 9339,
  "after_validation": 7176,
  "final_count": 7176,
  "duration_seconds": 275.329427
}