{
  "generated": "2026-07-21T19:42:26.511351",
  "sources": {
    "raw": {
      "loaded": 1,
      "parsed": 8040,
      "valid": 0
    }
  },
  "raw_count": 12762,
  "after_filter": 12726,
  "after_dedup": 9350,
  "after_validation": 7011,
  "final_count": 7011,
  "duration_seconds": 238.814708
}