{
  "generated": "2026-07-19T21:00:41.034360",
  "sources": {
    "raw": {
      "loaded": 1,
      "parsed": 8040,
      "valid": 0
    }
  },
  "raw_count": 12222,
  "after_filter": 12186,
  "after_dedup": 8819,
  "after_validation": 6718,
  "final_count": 6718,
  "duration_seconds": 240.425443
}