{
  "generated": "2026-07-17T21:52:19.086737",
  "sources": {
    "raw": {
      "loaded": 1,
      "parsed": 8040,
      "valid": 0
    }
  },
  "raw_count": 12222,
  "after_filter": 12186,
  "after_dedup": 8820,
  "after_validation": 6709,
  "final_count": 6709,
  "duration_seconds": 220.851168
}