{
  "generated": "2026-07-21T15:10:48.066601",
  "sources": {
    "raw": {
      "loaded": 1,
      "parsed": 8040,
      "valid": 0
    }
  },
  "raw_count": 12764,
  "after_filter": 12728,
  "after_dedup": 9352,
  "after_validation": 7257,
  "final_count": 7257,
  "duration_seconds": 218.017339
}