{
  "generated": "2026-07-24T17:46:00.212451",
  "sources": {
    "raw": {
      "loaded": 1,
      "parsed": 8040,
      "valid": 0
    }
  },
  "raw_count": 12747,
  "after_filter": 12711,
  "after_dedup": 9339,
  "after_validation": 6821,
  "final_count": 6821,
  "duration_seconds": 251.246086
}