{
  "generated": "2026-07-18T11:59:39.613740",
  "sources": {
    "raw": {
      "loaded": 1,
      "parsed": 8040,
      "valid": 0
    }
  },
  "raw_count": 12222,
  "after_filter": 12186,
  "after_dedup": 8820,
  "after_validation": 6783,
  "final_count": 6783,
  "duration_seconds": 192.595894
}