{
  "generated": "2026-07-18T18:03:41.127878",
  "sources": {
    "raw": {
      "loaded": 1,
      "parsed": 8040,
      "valid": 0
    }
  },
  "raw_count": 12222,
  "after_filter": 12186,
  "after_dedup": 8820,
  "after_validation": 6533,
  "final_count": 6533,
  "duration_seconds": 252.648461
}