{
  "generated": "2026-07-22T03:19:06.494315",
  "sources": {
    "raw": {
      "loaded": 1,
      "parsed": 8040,
      "valid": 0
    }
  },
  "raw_count": 12762,
  "after_filter": 12726,
  "after_dedup": 9350,
  "after_validation": 7230,
  "final_count": 7230,
  "duration_seconds": 256.071122
}