{
  "generated": "2026-07-19T17:08:10.886882",
  "sources": {
    "raw": {
      "loaded": 1,
      "parsed": 8040,
      "valid": 0
    }
  },
  "raw_count": 12222,
  "after_filter": 12186,
  "after_dedup": 8820,
  "after_validation": 6129,
  "final_count": 6129,
  "duration_seconds": 299.653989
}