{
  "generated": "2026-07-23T19:29:49.572323",
  "sources": {
    "raw": {
      "loaded": 1,
      "parsed": 8040,
      "valid": 0
    }
  },
  "raw_count": 12747,
  "after_filter": 12711,
  "after_dedup": 9339,
  "after_validation": 7169,
  "final_count": 7169,
  "duration_seconds": 219.453246
}