{
  "generated": "2026-07-22T09:34:06.941014",
  "sources": {
    "raw": {
      "loaded": 1,
      "parsed": 8040,
      "valid": 0
    }
  },
  "raw_count": 12762,
  "after_filter": 12726,
  "after_dedup": 9350,
  "after_validation": 7237,
  "final_count": 7237,
  "duration_seconds": 231.597539
}