{
  "generated": "2026-07-22T22:11:56.911546",
  "sources": {
    "raw": {
      "loaded": 1,
      "parsed": 8040,
      "valid": 0
    }
  },
  "raw_count": 12747,
  "after_filter": 12711,
  "after_dedup": 9339,
  "after_validation": 7270,
  "final_count": 7270,
  "duration_seconds": 201.477179
}