{
  "generated": "2026-07-20T20:29:09.311735",
  "sources": {
    "raw": {
      "loaded": 1,
      "parsed": 8040,
      "valid": 0
    }
  },
  "raw_count": 12761,
  "after_filter": 12725,
  "after_dedup": 9352,
  "after_validation": 7279,
  "final_count": 7279,
  "duration_seconds": 232.932275
}