{
  "generated": "2026-07-20T13:15:18.555510",
  "sources": {
    "raw": {
      "loaded": 1,
      "parsed": 8040,
      "valid": 0
    }
  },
  "raw_count": 12222,
  "after_filter": 12186,
  "after_dedup": 8819,
  "after_validation": 6590,
  "final_count": 6590,
  "duration_seconds": 290.275558
}