{
  "generated": "2026-07-21T00:05:18.326127",
  "sources": {
    "raw": {
      "loaded": 1,
      "parsed": 8040,
      "valid": 0
    }
  },
  "raw_count": 12761,
  "after_filter": 12725,
  "after_dedup": 9352,
  "after_validation": 6749,
  "final_count": 6749,
  "duration_seconds": 274.981512
}