{
  "generated": "2026-07-23T23:05:21.298473",
  "sources": {
    "raw": {
      "loaded": 1,
      "parsed": 8040,
      "valid": 0
    }
  },
  "raw_count": 12747,
  "after_filter": 12711,
  "after_dedup": 9339,
  "after_validation": 6862,
  "final_count": 6862,
  "duration_seconds": 253.047115
}