{
  "generated": "2026-07-21T21:20:53.747046",
  "sources": {
    "raw": {
      "loaded": 1,
      "parsed": 8040,
      "valid": 0
    }
  },
  "raw_count": 12762,
  "after_filter": 12726,
  "after_dedup": 9350,
  "after_validation": 7288,
  "final_count": 7288,
  "duration_seconds": 264.826359
}