{
  "generated": "2026-07-21T10:32:57.139410",
  "sources": {
    "raw": {
      "loaded": 1,
      "parsed": 8040,
      "valid": 0
    }
  },
  "raw_count": 12764,
  "after_filter": 12728,
  "after_dedup": 9352,
  "after_validation": 7324,
  "final_count": 7324,
  "duration_seconds": 230.110202
}