{
  "generated": "2026-07-20T18:13:47.621262",
  "sources": {
    "raw": {
      "loaded": 1,
      "parsed": 8040,
      "valid": 0
    }
  },
  "raw_count": 12222,
  "after_filter": 12186,
  "after_dedup": 8819,
  "after_validation": 6588,
  "final_count": 6588,
  "duration_seconds": 271.955307
}