{
  "generated": "2026-07-22T14:11:32.202536",
  "sources": {
    "raw": {
      "loaded": 1,
      "parsed": 8040,
      "valid": 0
    }
  },
  "raw_count": 12762,
  "after_filter": 12726,
  "after_dedup": 9350,
  "after_validation": 7136,
  "final_count": 7136,
  "duration_seconds": 229.198736
}