{
  "generated": "2026-07-23T21:14:00.250771",
  "sources": {
    "raw": {
      "loaded": 1,
      "parsed": 8040,
      "valid": 0
    }
  },
  "raw_count": 12747,
  "after_filter": 12711,
  "after_dedup": 9339,
  "after_validation": 7034,
  "final_count": 7034,
  "duration_seconds": 243.893287
}