{
  "generated": "2026-07-23T10:33:03.560652",
  "sources": {
    "raw": {
      "loaded": 1,
      "parsed": 8040,
      "valid": 0
    }
  },
  "raw_count": 12747,
  "after_filter": 12711,
  "after_dedup": 9339,
  "after_validation": 6874,
  "final_count": 6874,
  "duration_seconds": 260.435161
}