{
  "generated": "2026-07-18T23:02:02.727176",
  "sources": {
    "raw": {
      "loaded": 1,
      "parsed": 8040,
      "valid": 0
    }
  },
  "raw_count": 12222,
  "after_filter": 12186,
  "after_dedup": 8820,
  "after_validation": 6739,
  "final_count": 6739,
  "duration_seconds": 251.157547
}