{
  "generated": "2026-07-18T06:13:37.093006",
  "sources": {
    "raw": {
      "loaded": 1,
      "parsed": 8040,
      "valid": 0
    }
  },
  "raw_count": 12222,
  "after_filter": 12186,
  "after_dedup": 8820,
  "after_validation": 6631,
  "final_count": 6631,
  "duration_seconds": 263.520133
}