{
  "generated": "2026-07-18T15:03:56.482889",
  "sources": {
    "raw": {
      "loaded": 1,
      "parsed": 8040,
      "valid": 0
    }
  },
  "raw_count": 12222,
  "after_filter": 12186,
  "after_dedup": 8820,
  "after_validation": 6615,
  "final_count": 6615,
  "duration_seconds": 275.658362
}