{
  "generated": "2026-07-23T07:39:51.732387",
  "sources": {
    "raw": {
      "loaded": 1,
      "parsed": 8040,
      "valid": 0
    }
  },
  "raw_count": 12747,
  "after_filter": 12711,
  "after_dedup": 9339,
  "after_validation": 7151,
  "final_count": 7151,
  "duration_seconds": 234.956589
}