{
  "generated": "2026-07-17T23:02:18.634855",
  "sources": {
    "raw": {
      "loaded": 1,
      "parsed": 8040,
      "valid": 0
    }
  },
  "raw_count": 12222,
  "after_filter": 12186,
  "after_dedup": 8820,
  "after_validation": 6793,
  "final_count": 6793,
  "duration_seconds": 203.642057
}