{
  "generated": "2026-07-24T11:50:13.962938",
  "sources": {
    "raw": {
      "loaded": 1,
      "parsed": 8040,
      "valid": 0
    }
  },
  "raw_count": 12747,
  "after_filter": 12711,
  "after_dedup": 9339,
  "after_validation": 7009,
  "final_count": 7009,
  "duration_seconds": 238.834032
}