{
  "generated": "2026-07-18T20:59:56.408339",
  "sources": {
    "raw": {
      "loaded": 1,
      "parsed": 8040,
      "valid": 0
    }
  },
  "raw_count": 12222,
  "after_filter": 12186,
  "after_dedup": 8820,
  "after_validation": 6755,
  "final_count": 6755,
  "duration_seconds": 220.257793
}