{
  "generated": "2026-07-19T15:06:05.183820",
  "sources": {
    "raw": {
      "loaded": 1,
      "parsed": 8040,
      "valid": 0
    }
  },
  "raw_count": 12222,
  "after_filter": 12186,
  "after_dedup": 8820,
  "after_validation": 6598,
  "final_count": 6598,
  "duration_seconds": 239.365704
}