{
  "generated": "2026-07-17T22:01:36.181711",
  "sources": {
    "raw": {
      "loaded": 1,
      "parsed": 8040,
      "valid": 0
    }
  },
  "raw_count": 12222,
  "after_filter": 12186,
  "after_dedup": 8820,
  "after_validation": 6758,
  "final_count": 6758,
  "duration_seconds": 213.368406
}