{
  "generated": "2026-07-20T03:39:36.269986",
  "sources": {
    "raw": {
      "loaded": 1,
      "parsed": 8040,
      "valid": 0
    }
  },
  "raw_count": 12222,
  "after_filter": 12186,
  "after_dedup": 8819,
  "after_validation": 6707,
  "final_count": 6707,
  "duration_seconds": 205.502657
}