{
  "generated": "2026-07-23T04:22:33.085556",
  "sources": {
    "raw": {
      "loaded": 1,
      "parsed": 8040,
      "valid": 0
    }
  },
  "raw_count": 12747,
  "after_filter": 12711,
  "after_dedup": 9339,
  "after_validation": 7200,
  "final_count": 7200,
  "duration_seconds": 218.923246
}