{
  "generated": "2026-07-24T15:32:52.561903",
  "sources": {
    "raw": {
      "loaded": 1,
      "parsed": 8040,
      "valid": 0
    }
  },
  "raw_count": 12747,
  "after_filter": 12711,
  "after_dedup": 9339,
  "after_validation": 7206,
  "final_count": 7206,
  "duration_seconds": 258.442441
}