{
  "generated": "2026-07-20T22:08:04.551649",
  "sources": {
    "raw": {
      "loaded": 1,
      "parsed": 8040,
      "valid": 0
    }
  },
  "raw_count": 12761,
  "after_filter": 12725,
  "after_dedup": 9352,
  "after_validation": 7291,
  "final_count": 7291,
  "duration_seconds": 213.003345
}