{
  "generated": "2026-07-20T06:56:26.108605",
  "sources": {
    "raw": {
      "loaded": 1,
      "parsed": 8040,
      "valid": 0
    }
  },
  "raw_count": 12222,
  "after_filter": 12186,
  "after_dedup": 8819,
  "after_validation": 6692,
  "final_count": 6692,
  "duration_seconds": 222.380023
}