{
  "generated": "2026-07-23T15:18:03.318626",
  "sources": {
    "raw": {
      "loaded": 1,
      "parsed": 8040,
      "valid": 0
    }
  },
  "raw_count": 12747,
  "after_filter": 12711,
  "after_dedup": 9339,
  "after_validation": 6735,
  "final_count": 6735,
  "duration_seconds": 287.256319
}