{
  "generated": "2026-07-23T17:48:29.878428",
  "sources": {
    "raw": {
      "loaded": 1,
      "parsed": 8040,
      "valid": 0
    }
  },
  "raw_count": 12747,
  "after_filter": 12711,
  "after_dedup": 9339,
  "after_validation": 7272,
  "final_count": 7272,
  "duration_seconds": 199.513899
}