{
  "generated": "2026-07-18T16:09:10.369754",
  "sources": {
    "raw": {
      "loaded": 1,
      "parsed": 8040,
      "valid": 0
    }
  },
  "raw_count": 12222,
  "after_filter": 12186,
  "after_dedup": 8820,
  "after_validation": 6554,
  "final_count": 6554,
  "duration_seconds": 269.521066
}