{
  "generated": "2026-07-21T23:06:28.767989",
  "sources": {
    "raw": {
      "loaded": 1,
      "parsed": 8040,
      "valid": 0
    }
  },
  "raw_count": 12762,
  "after_filter": 12726,
  "after_dedup": 9350,
  "after_validation": 7298,
  "final_count": 7298,
  "duration_seconds": 255.038841
}