{
  "generated": "2026-07-24T19:40:43.485791",
  "sources": {
    "raw": {
      "loaded": 1,
      "parsed": 8040,
      "valid": 0
    }
  },
  "raw_count": 12747,
  "after_filter": 12711,
  "after_dedup": 9337,
  "after_validation": 6748,
  "final_count": 6748,
  "duration_seconds": 247.674813
}