{
  "generated": "2026-07-18T10:26:24.998835",
  "sources": {
    "raw": {
      "loaded": 1,
      "parsed": 8040,
      "valid": 0
    }
  },
  "raw_count": 12222,
  "after_filter": 12186,
  "after_dedup": 8820,
  "after_validation": 6736,
  "final_count": 6736,
  "duration_seconds": 250.158958
}