{
  "generated": "2026-07-24T14:00:16.174816",
  "sources": {
    "raw": {
      "loaded": 1,
      "parsed": 8040,
      "valid": 0
    }
  },
  "raw_count": 12747,
  "after_filter": 12711,
  "after_dedup": 9339,
  "after_validation": 7279,
  "final_count": 7279,
  "duration_seconds": 235.752359
}