{
  "generated": "2026-07-19T00:06:19.938155",
  "sources": {
    "raw": {
      "loaded": 1,
      "parsed": 8040,
      "valid": 0
    }
  },
  "raw_count": 12222,
  "after_filter": 12186,
  "after_dedup": 8820,
  "after_validation": 6671,
  "final_count": 6671,
  "duration_seconds": 254.244646
}