{
  "generated": "2026-07-20T15:58:47.432331",
  "sources": {
    "raw": {
      "loaded": 1,
      "parsed": 8040,
      "valid": 0
    }
  },
  "raw_count": 12222,
  "after_filter": 12186,
  "after_dedup": 8819,
  "after_validation": 6725,
  "final_count": 6725,
  "duration_seconds": 221.709487
}